1;1;5;0;0;0;2;1;1;1;0;0;0;0;0;0;5;5;305600;0;400;0;306000;1;7;1;2;10;5;456000;.;442;4;1;3;4;1;1;52;200000;2;2;1;5;7;1;52;37000
1;2;8;1;0;0;1;0;2;3;1;0;0;0;0;0;4;5;205105;85306;767;0;291178;1;5;1;2;9;5;374000;.;550;5;1;3;2;2;1;52;42367;2;2;3;2;9;1;.;42000
1;3;4;0;0;0;2;0;1;1;0;0;0;0;0;0;3;4;182302;81698;10200;0;274200;1;2;1;1;10;4;430000;.;2218;4;1;1;7;2;1;52;200000;1;2;1;2;.;13;.;45000
1;4;4;0;1;1;0;0;1;1;0;0;0;0;0;0;2;2;247815;1385;800;0;250000;1;7;1;1;10;5;420000;.;2218;4;1;3;7;3;1;52;200000;2;2;3;7;7;1;52;50000
1;5;2;0;0;0;0;0;2;0;0;0;0;0;0;0;2;2;185015;39215;0;0;224230;1;5;1;2;10;5;417000;.;708;5;1;1;7;3;1;49;200000;.;.;.;.;.;.;.;.
1;6;6;0;0;0;1;1;3;1;0;0;0;0;0;0;5;5;197500;22000;4808;0;224308;1;4;1;1;10;4;372000;.;2218;4;1;1;7;2;1;52;80300;1;2;1;7;2;1;52;11000
1;7;5;2;0;0;0;0;1;2;0;0;0;0;0;0;3;3;196942;17706;800;0;215448;1;2;1;1;10;5;390000;.;2218;3;1;1;7;2;1;52;82448;1;2;1;7;3;1;52;120000
1;8;5;0;2;1;0;0;1;1;0;0;0;0;0;0;3;3;177950;35350;1200;0;214500;1;5;1;2;10;4;440000;.;310;4;1;1;7;1;1;52;200000;2;2;1;4;7;1;48;13300
2;1;3;0;1;0;0;0;1;1;0;0;0;0;0;0;1;1;199600;0;400;0;200000;1;7;1;1;10;5;453000;.;2218;3;1;3;7;8;1;45;200000;1;2;3;3;.;13;.;0
2;2;5;0;3;0;0;0;1;1;0;0;0;0;0;0;3;3;191990;1132;1200;0;194322;1;1;1;1;9;4;444000;.;2218;3;1;1;6;3;1;52;189504;1;2;1;3;10;1;4;2118
2;3;4;0;1;1;0;0;1;1;0;0;0;0;0;0;2;2;174055;1024;800;0;175879;4;5;1;1;9;3;445000;.;2218;3;1;1;7;2;1;52;133853;1;2;1;5;10;1;52;42026
2;4;3;0;0;0;0;0;2;1;0;0;0;0;0;0;3;3;167000;8000;0;0;175000;1;7;1;2;7;4;383000;.;363;5;1;1;2;2;1;52;114000;1;2;1;2;2;1;52;37000
2;5;4;0;0;1;1;0;1;1;0;0;0;0;0;0;3;3;171141;117;800;1000;173058;1;1;1;1;10;4;404000;.;2218;4;1;1;7;3;1;52;167800;1;2;1;7;.;13;.;0
2;6;4;0;0;0;1;1;1;1;0;0;0;0;0;0;4;4;143950;19356;367;0;163673;1;5;1;2;10;4;431000;.;419;4;1;3;3;1;1;52;108885;2;2;3;3;11;11;40;42044
2;7;4;0;0;0;1;1;1;1;0;0;0;0;0;0;3;4;160100;1025;1300;0;162425;1;6;1;1;10;3;394000;.;2218;4;1;1;5;4;1;52;150500;2;2;1;7;.;13;.;500
2;8;8;2;0;2;0;0;3;3;0;0;0;0;0;0;5;5;158622;1550;12003;1602;173777;6;6;1;1;8;5;290000;.;1324;3;1;3;2;14;1;52;64940;1;2;3;2;13;1;52;10223
3;1;3;0;0;0;0;0;2;1;0;0;0;0;0;0;3;3;156667;0;0;0;156667;1;2;1;2;7;3;390000;.;408;4;1;3;6;8;1;52;70757;1;2;3;3;8;1;52;70757
3;2;5;0;0;1;0;0;2;2;0;0;0;0;0;0;4;4;149600;750;400;0;150750;1;6;1;1;8;3;230000;.;1153;3;1;1;4;3;1;52;58685;1;2;1;6;10;1;52;39350
3;3;5;2;0;0;0;0;1;2;0;0;0;0;0;0;2;3;93000;55000;433;0;148433;1;3;1;2;10;5;388000;.;542;3;1;1;7;2;1;52;85433;1;2;1;7;3;1;26;50000
3;4;3;0;0;0;0;0;0;1;1;1;0;0;0;0;3;3;92635;55107;592;3440;151774;1;3;1;2;7;3;280000;.;327;5;1;3;7;2;1;52;63322;1;2;1;5;4;1;52;76506
3;5;5;0;0;0;0;0;3;2;0;0;0;0;0;0;5;5;122642;24973;7000;600;155215;1;2;2;.;7;3;.;1913;.;2;1;1;7;3;1;16;9215;.;.;.;.;.;.;.;.
3;6;3;0;1;0;0;0;1;1;0;0;0;0;0;0;3;3;146800;500;400;0;147700;1;7;1;1;9;3;280000;.;1633;3;1;1;6;11;1;52;130900;1;2;1;3;13;1;52;12400
3;7;3;0;0;0;1;0;1;1;0;0;0;0;0;0;3;3;144023;758;0;0;144781;1;5;1;1;8;3;279000;.;1479;4;1;1;7;11;1;52;97035;1;2;1;6;2;11;52;26497
3;8;4;0;1;0;1;0;1;1;0;0;0;0;0;0;3;4;121958;20782;400;0;143140;1;7;1;1;9;4;394000;.;888;4;2;1;5;11;1;52;67359;1;1;1;5;8;1;52;58501
4;1;4;0;2;0;0;0;1;1;0;0;0;0;0;0;2;2;142000;0;800;0;142800;1;2;1;1;8;4;380000;.;2218;3;1;3;7;2;1;52;72800;1;2;3;7;11;1;52;70000
4;2;3;0;0;0;1;0;1;1;0;0;0;0;0;0;2;2;140800;0;100;0;140900;1;7;1;2;7;5;384000;.;383;4;1;1;7;1;1;52;140100;1;2;1;6;.;13;.;0
4;3;2;0;0;0;0;0;1;1;0;0;0;0;0;0;1;1;140000;0;0;0;140000;1;8;1;2;10;3;275000;.;301;5;1;1;3;4;1;52;140000;2;2;1;5;.;13;.;0
4;4;3;1;0;0;0;0;1;1;0;0;0;0;0;0;1;2;80000;60000;5148;0;145148;1;2;1;1;8;2;250000;.;1542;3;1;1;7;3;1;52;120000;2;2;1;7;.;13;.;25148
4;5;7;0;1;0;0;0;3;2;0;0;1;0;0;0;4;4;135000;2000;400;0;137400;1;4;1;2;8;4;30000;.;332;2;1;3;5;4;1;52;26000;.;.;.;.;.;.;.;.
4;6;3;0;0;0;0;0;2;0;0;1;0;0;0;0;3;3;100879;31444;675;0;132998;1;3;1;2;6;2;195000;.;200;5;1;1;5;4;1;52;117603;1;2;1;2;11;1;52;6123
4;7;4;0;0;0;1;0;2;1;0;0;0;0;0;0;3;4;130526;0;4000;3000;137526;1;3;1;1;10;4;445000;.;2218;4;1;1;7;2;1;52;79465;1;2;1;7;2;1;52;37061
4;8;5;0;0;0;0;2;2;1;0;0;0;0;0;0;5;5;123000;4600;0;0;127600;1;6;1;2;10;4;402000;.;350;5;1;3;2;14;1;50;32000;1;2;3;2;6;2;47;28000
5;1;5;0;1;2;0;0;1;1;0;0;0;0;0;0;2;2;126306;200;1200;0;127706;1;5;1;1;10;4;195000;.;1320;3;2;1;3;10;1;52;24900;1;1;1;3;1;1;52;102806
5;2;4;0;0;1;1;0;1;1;0;0;0;0;0;0;4;4;126000;0;3400;0;129400;1;7;1;1;9;4;240000;.;1391;4;1;1;5;2;1;52;50400;1;2;1;5;2;1;52;50000
5;3;7;0;3;1;0;0;1;1;0;0;0;0;0;0;2;2;124391;718;2000;0;127109;1;5;1;1;10;5;365000;.;997;3;1;3;7;1;1;52;91768;1;2;5;7;3;11;36;35341
5;4;4;0;0;0;2;0;1;1;0;0;0;0;0;0;4;4;123000;365;1000;0;124365;1;5;1;2;7;3;250000;.;137;5;1;3;7;2;1;48;70355;2;2;3;5;11;1;48;46000
5;5;4;0;1;1;0;0;1;1;0;0;0;0;0;0;1;1;119431;3328;1565;0;124324;1;6;1;1;10;4;432000;.;1231;3;1;1;6;2;1;52;124324;1;2;1;2;10;1;0;0
5;6;5;1;0;1;0;1;1;1;0;0;0;0;0;0;3;3;122000;400;3880;0;126280;1;4;1;1;8;4;160000;.;1109;3;1;1;6;7;1;52;67600;2;2;3;7;10;1;52;40200
5;7;5;0;0;2;0;1;1;1;0;0;0;0;0;0;4;4;121500;0;800;0;122300;1;8;1;1;10;4;386000;.;2218;4;1;1;5;11;1;50;80800;1;2;1;7;3;1;30;32000
5;8;4;0;0;0;0;0;1;2;0;0;0;0;1;0;3;3;96587;24746;4148;102667;228148;1;4;1;2;10;3;370000;.;1167;4;1;3;7;1;1;52;200000;3;2;3;2;.;13;.;0
6;1;1;0;0;0;0;0;0;1;0;0;0;0;0;0;1;1;120000;0;0;0;120000;2;6;1;2;8;2;451000;.;513;3;2;1;7;3;11;48;120000;.;.;.;.;.;.;.;.
6;2;3;1;0;0;0;0;1;1;0;0;0;0;0;0;2;2;119993;0;400;0;120393;1;4;1;1;10;3;170000;.;1051;2;1;1;7;2;1;48;46000;1;2;1;7;3;1;38;74393
6;3;4;0;1;1;0;0;1;1;0;0;0;0;0;0;1;2;71370;47851;800;0;120021;1;5;1;1;9;4;428000;.;989;3;1;1;6;11;1;40;73599;1;2;1;7;.;13;.;46422
6;4;3;0;0;0;1;0;1;1;0;0;0;0;0;0;3;3;117161;0;400;0;117561;1;7;1;2;9;3;423000;.;375;4;1;1;7;3;1;48;82900;1;2;1;4;2;1;48;27500
6;5;3;1;0;0;0;0;1;1;0;0;0;0;0;0;2;2;116876;0;0;0;116876;1;7;1;1;5;2;250000;.;1642;3;2;1;7;3;2;52;36876;1;1;1;7;2;1;52;80000
6;6;2;0;0;0;0;0;1;1;0;0;0;0;0;0;2;2;114000;2400;0;0;116400;1;3;1;1;7;3;406000;.;877;4;1;3;7;3;1;52;70600;1;2;3;7;3;1;50;45800
6;7;6;0;2;0;0;0;1;1;0;1;1;0;0;0;2;4;110000;6258;14995;0;131253;1;2;1;1;10;5;381000;.;2218;4;1;3;5;2;1;52;66800;2;2;3;6;2;1;.;46600
6;8;2;0;0;0;0;0;1;1;0;0;0;0;0;0;2;2;114000;2200;0;0;116200;1;4;1;1;10;4;225000;.;2218;3;1;3;5;9;1;52;49200;2;2;1;5;2;1;52;67000
7;1;2;0;0;0;0;0;1;1;0;0;0;0;0;0;2;2;116000;0;0;0;116000;1;5;1;1;7;3;250000;.;1600;4;1;3;2;8;1;52;110000;1;2;1;7;7;12;40;6000
7;2;1;0;0;0;0;0;1;0;0;0;0;0;0;0;1;1;110000;6000;0;0;116000;6;5;2;.;8;2;.;1410;.;5;1;1;7;8;1;50;116000;.;.;.;.;.;.;.;.
7;3;2;0;0;0;0;0;1;1;0;0;0;0;0;0;2;2;100000;16000;0;0;116000;1;5;1;2;6;3;150000;.;183;4;1;1;5;4;1;52;56000;1;2;1;5;4;1;52;60000
7;4;2;0;0;0;0;0;1;1;0;0;0;0;0;0;2;2;115000;0;0;0;115000;2;4;1;1;7;2;428000;.;1508;2;1;1;7;2;1;52;45000;4;2;1;7;3;1;52;70000
7;5;4;1;0;0;0;0;2;1;0;0;0;0;0;0;3;3;115000;0;400;0;115400;1;7;2;.;7;4;.;1913;.;3;1;2;4;4;1;40;50400;1;2;1;2;9;1;24;12000
7;6;4;0;1;0;1;0;1;1;0;0;0;0;0;0;4;4;113471;626;400;0;114497;1;4;2;.;10;3;.;1434;.;3;1;1;5;1;1;52;83207;1;2;1;3;7;2;40;26798
7;7;5;0;0;2;1;0;1;1;0;0;0;0;0;0;5;5;112336;0;3600;0;115936;1;7;2;.;9;4;.;1913;.;3;2;3;4;2;1;52;46683;4;1;3;5;3;1;20;40654
7;8;2;0;0;0;0;0;1;1;0;0;0;0;0;0;2;2;112000;0;0;0;112000;1;3;1;1;10;3;437000;.;2218;4;1;1;7;3;1;52;70000;2;2;1;6;7;1;52;42000
8;1;4;0;0;0;2;0;1;1;0;0;0;0;0;0;4;4;110432;1318;3016;0;114766;1;4;1;1;10;3;200000;.;2218;4;1;1;2;2;1;52;81718;1;2;1;4;7;12;27;12782
8;2;2;0;0;0;0;0;1;1;0;0;0;0;0;0;2;2;110500;836;9958;0;121294;1;5;1;1;9;3;405000;.;2218;4;1;1;4;1;1;52;97836;2;2;2;3;7;1;26;23458
8;3;4;0;0;0;0;0;4;0;0;0;0;0;0;0;4;4;110500;0;6500;0;117000;1;5;1;1;10;4;155000;.;953;3;1;1;2;8;1;52;47000;.;.;.;.;.;.;.;.
8;4;2;0;0;0;0;0;1;1;0;0;0;0;0;0;2;2;103000;7100;0;2000;112100;1;5;1;1;10;4;160000;.;1608;2;1;1;5;2;1;52;81000;1;2;1;7;3;1;52;31100
8;5;1;0;0;0;0;0;0;1;0;0;0;0;0;0;1;1;110000;0;0;0;110000;1;7;1;2;8;3;220000;.;258;2;2;1;7;8;1;48;110000;.;.;.;.;.;.;.;.
8;6;2;0;0;0;0;0;1;1;0;0;0;0;0;0;2;2;110000;0;0;0;110000;1;6;1;2;8;3;380000;.;292;2;2;3;7;3;1;52;50000;1;1;1;7;3;1;52;60000
8;7;2;0;0;0;0;0;0;0;1;1;0;0;0;0;1;2;85000;24600;0;0;109600;1;6;1;2;8;3;385000;.;446;5;1;1;7;3;1;52;85600;1;2;1;7;7;11;0;24000
8;8;5;1;1;0;0;0;2;1;0;0;0;0;0;0;3;3;101000;8500;800;0;110300;1;5;1;1;9;3;435000;.;2218;2;1;1;5;3;1;52;54800;4;2;1;3;11;1;52;7000
9;1;5;0;1;1;0;1;1;1;0;0;0;0;0;0;3;3;108530;0;2300;0;110830;1;4;1;1;10;4;200000;.;1023;3;2;1;4;10;1;52;8530;1;1;1;7;3;1;52;90800
9;2;2;0;0;0;0;0;0;1;1;0;0;0;0;0;2;2;108330;0;3814;0;112144;1;4;1;1;6;3;170000;.;840;5;1;3;3;2;1;48;22144;1;2;3;3;12;1;48;90000
9;3;4;0;0;0;0;2;0;1;1;0;0;0;0;0;3;3;105969;2112;400;0;108481;1;4;1;2;8;4;160000;.;220;5;1;1;3;12;1;52;62671;1;2;1;4;11;1;49;26710
9;4;3;0;1;0;0;0;1;1;0;0;0;0;0;0;2;2;108000;0;0;0;108000;1;4;1;2;9;5;450000;.;494;4;2;1;3;2;1;22;60000;.;.;.;.;.;.;.;.
9;5;4;1;0;1;0;0;1;1;0;0;0;0;0;0;2;2;104348;1692;2561;0;108601;1;3;1;2;10;4;285000;.;333;3;2;1;7;3;1;40;22721;1;1;1;7;2;1;52;85880
9;6;4;0;0;1;0;1;1;1;0;0;0;0;0;0;3;3;103677;1416;400;0;105493;5;5;2;.;9;4;.;1913;.;3;1;1;6;2;1;52;53033;1;2;1;3;11;1;52;42208
9;7;2;0;0;0;0;0;1;1;0;0;0;0;0;0;2;2;100000;5000;0;0;105000;1;2;1;1;7;3;385000;.;2218;2;1;1;7;3;1;50;52000;1;2;1;4;2;1;50;53000
9;8;2;0;0;0;0;0;0;2;0;0;0;0;0;0;2;2;105000;0;0;0;105000;1;4;1;2;10;4;250000;.;277;2;2;1;2;4;1;52;57000;.;.;.;.;.;.;.;.
10;1;4;0;1;0;0;1;1;1;0;0;0;0;0;0;2;2;98990;5996;400;60158;165544;1;7;1;2;10;4;379000;.;1000;4;1;3;7;3;1;52;158576;1;2;3;5;.;13;.;0
10;2;6;0;0;3;0;0;1;1;0;0;0;1;0;0;3;3;103300;1373;9754;0;114427;1;5;1;1;8;3;200000;.;927;3;1;1;3;2;1;52;71350;1;2;2;2;5;1;52;29650
10;3;5;0;2;1;0;0;1;1;0;0;0;0;0;0;4;4;103900;100;1200;0;105200;1;7;1;2;10;5;438000;.;290;4;1;1;7;3;1;52;96300;2;2;1;4;11;1;52;4000
10;4;4;0;1;0;1;0;1;1;0;0;0;0;0;0;3;3;103954;0;400;18562;122916;1;5;1;1;10;4;175000;.;1429;3;1;2;5;7;1;52;59542;4;2;1;7;3;1;52;44374
10;5;3;0;0;0;0;0;3;0;0;0;0;0;0;0;3;3;102865;0;0;0;102865;2;1;2;.;6;3;.;880;.;2;1;1;2;12;1;52;29000;.;.;.;.;.;.;.;.
10;6;4;2;0;0;0;0;1;1;0;0;0;0;0;0;2;2;102640;216;2808;0;105664;1;2;1;2;10;4;446000;.;317;3;1;1;7;2;1;52;100633;2;2;1;7;3;12;14;5031
10;7;3;1;0;0;0;1;1;0;0;0;0;0;0;0;2;2;95000;7500;400;0;102900;1;6;1;2;8;3;200000;.;267;3;1;1;6;2;1;52;82900;3;2;1;3;7;1;52;20000
10;8;8;1;0;0;0;1;1;4;0;0;1;0;0;0;5;5;99668;2476;0;6809;108953;1;7;1;2;6;3;220000;.;292;6;1;3;1;.;13;.;8488;3;2;3;1;8;1;52;12938
11;1;4;1;0;0;0;0;1;2;0;0;0;0;0;0;2;2;94000;8000;400;0;102400;1;6;1;1;10;4;150000;.;1245;2;2;1;3;.;13;.;0;1;1;5;5;8;1;51;61400
11;2;4;0;0;0;1;1;1;1;0;0;0;0;0;0;3;3;90654;11259;11427;0;113340;1;5;1;2;8;4;180000;.;196;4;1;1;3;6;1;52;73935;2;2;1;2;.;13;.;0
11;3;4;0;2;0;0;0;1;1;0;0;0;0;0;0;3;3;101000;0;800;0;101800;1;2;1;1;9;3;225000;.;1150;4;1;1;7;3;1;52;60800;1;2;1;7;3;2;52;40000
11;4;6;0;0;0;0;0;1;4;0;0;0;0;0;0;4;5;96000;5000;0;23400;124400;1;7;1;2;10;5;427000;.;590;5;2;3;5;2;1;52;20000;.;.;.;.;.;.;.;.
11;5;2;0;0;0;0;0;1;1;0;0;0;0;0;0;2;2;100374;328;0;0;100702;1;2;1;1;8;2;424000;.;2218;2;1;1;5;6;1;52;72593;1;2;3;4;10;1;52;28109
11;6;4;0;0;0;1;1;1;1;0;0;0;0;0;0;4;4;100000;0;2567;0;102567;1;6;2;.;8;4;.;1010;.;4;1;3;5;6;1;52;60267;2;2;1;5;10;1;43;25800
11;7;4;0;0;1;1;0;1;1;0;0;0;0;0;0;3;3;70000;30000;5400;0;105400;1;2;1;1;10;4;397000;.;638;4;1;1;7;3;1;52;90400;3;2;1;7;.;13;.;0
11;8;4;1;0;1;0;0;1;1;0;0;0;0;0;0;1;1;100000;0;800;0;100800;2;1;1;2;5;2;437000;.;1178;3;1;1;7;3;2;45;100800;4;2;1;5;.;13;.;0
12;1;3;0;1;0;0;0;1;1;0;0;0;0;0;0;2;2;100000;0;400;0;100400;1;3;1;1;10;3;250000;.;1170;3;1;3;6;5;1;52;50400;1;2;3;7;3;1;52;50000
12;2;6;2;0;2;0;0;1;1;0;0;0;0;0;0;2;2;100000;0;1300;0;101300;1;7;1;1;10;4;240000;.;2218;3;2;1;5;7;1;50;22100;1;1;1;5;7;1;50;79200
12;3;5;1;1;1;0;0;1;1;0;0;0;0;0;0;1;1;100000;0;1000;0;101000;1;6;1;1;10;4;265000;.;1623;3;1;1;7;3;1;52;101000;1;2;1;7;.;13;.;0
12;4;3;0;1;0;0;0;1;1;0;0;0;0;0;0;1;1;98958;975;400;0;100333;1;7;1;1;10;4;393000;.;2218;3;1;1;2;1;1;52;100333;1;2;1;2;.;13;.;0
12;5;5;1;0;0;0;0;1;1;1;1;0;0;0;0;3;3;99883;0;8587;0;108470;1;3;1;2;9;5;230000;.;171;5;1;1;2;12;1;46;65000;1;2;1;2;.;13;.;0
12;6;2;0;0;0;0;0;1;1;0;0;0;0;0;0;2;2;93489;5581;0;0;99070;1;7;1;1;7;2;200000;.;1435;2;2;1;7;3;1;52;34800;1;1;1;7;3;1;52;64270
12;7;4;1;1;0;0;0;1;1;0;0;0;0;0;0;2;2;93000;6000;800;0;99800;1;7;1;2;10;3;250000;.;224;3;1;1;3;2;1;52;75800;2;2;1;3;.;13;.;24000
12;8;4;0;0;0;2;0;1;1;0;0;0;0;0;0;4;4;99000;0;3400;0;102400;1;5;1;1;10;4;200000;.;1082;4;1;1;7;3;1;52;72400;1;2;1;5;3;1;20;15000
13;1;2;0;0;1;0;0;0;1;0;0;0;0;0;0;2;2;99000;0;400;0;99400;1;2;1;1;8;3;408000;.;2218;3;2;5;5;5;1;52;97400;.;.;.;.;.;.;.;.
13;2;2;0;0;0;0;0;1;1;0;0;0;0;0;0;1;2;13219;85738;0;0;98957;1;5;1;2;10;4;379000;.;490;4;1;1;3;8;1;19;53319;1;2;1;4;13;11;4;45638
13;3;3;0;0;1;0;0;1;1;0;0;0;0;0;0;2;2;98435;512;1924;0;100871;1;6;1;1;8;3;275000;.;1037;3;1;1;7;2;1;52;61315;1;2;1;5;3;1;44;39556
13;4;2;0;0;0;0;0;1;1;0;0;0;0;0;0;2;2;98546;173;0;0;98719;4;1;1;1;3;1;379000;.;2218;4;1;1;7;2;1;52;70000;2;2;1;2;2;1;52;28719
13;5;4;0;0;0;1;1;1;1;0;0;0;0;0;0;4;4;98375;258;7200;0;105833;1;7;1;1;8;3;240000;.;1313;4;1;2;3;6;1;52;38900;1;2;1;2;7;1;52;40000
13;6;3;0;0;0;0;0;1;0;1;1;0;0;0;0;2;3;98279;0;6610;0;104889;1;4;1;2;10;5;456000;.;408;5;1;1;7;3;1;52;72279;1;2;1;7;.;13;.;6610
13;7;3;1;0;0;0;1;1;0;0;0;0;0;0;0;1;2;98000;0;3700;0;101700;6;5;1;1;7;3;130000;.;1405;2;1;1;5;2;1;52;98200;2;2;1;5;9;1;52;3500
13;8;5;2;1;0;0;0;1;1;0;0;0;0;0;0;1;2;72000;25500;933;0;98433;1;5;1;2;9;3;170000;.;220;2;1;1;3;2;1;50;73433;1;2;1;3;.;13;.;25000
14;1;5;0;1;0;0;2;1;1;0;0;0;0;0;0;5;5;97400;0;700;0;98100;5;7;1;1;8;5;440000;.;792;4;1;3;3;6;2;52;53400;2;2;3;5;11;1;12;2800
14;2;3;0;0;0;0;0;1;2;0;0;0;0;0;0;3;3;97000;0;1000;0;98000;6;6;2;.;6;2;.;1045;.;3;1;1;5;10;1;52;33000;1;2;1;7;4;1;48;38000
14;3;6;0;0;0;0;1;2;1;0;0;1;1;0;0;4;5;76937;19832;9477;1343;107589;5;5;1;2;10;5;179000;.;425;6;1;3;1;.;13;.;22201;1;2;3;1;.;13;.;5284
14;4;4;0;0;0;0;1;2;1;0;0;0;0;0;0;4;4;92000;4050;0;0;96050;1;5;1;2;10;3;399000;.;450;5;1;3;3;9;2;52;33000;2;2;3;2;8;1;52;28000
14;5;1;0;0;0;1;0;0;0;0;0;0;0;0;0;1;1;96000;0;0;0;96000;2;6;1;1;3;1;110000;.;1110;1;1;1;4;8;1;52;96000;.;.;.;.;.;.;.;.
14;6;6;0;1;1;1;1;1;1;0;0;0;0;0;0;5;5;94255;1516;28468;6558;130797;1;7;1;2;10;5;428000;.;267;4;1;3;3;13;1;40;30800;2;2;3;5;11;1;40;27877
14;7;4;0;2;0;0;0;1;1;0;0;0;0;0;0;2;2;85950;9443;800;0;96193;1;5;1;1;9;3;215000;.;2218;3;1;3;7;2;1;52;78585;4;2;1;7;4;1;47;17608
14;8;6;0;2;0;0;0;2;2;0;0;0;0;0;0;3;3;94000;880;1950;0;96830;1;4;1;1;10;5;396000;.;1225;3;1;3;7;3;1;52;55030;2;2;3;7;3;12;.;14550
15;1;3;0;0;0;1;0;0;0;1;1;0;0;0;0;1;3;52903;41825;0;0;94728;2;4;2;.;4;2;.;1115;.;5;1;1;7;3;1;52;65494;1;2;1;7;.;13;.;28888
15;2;3;0;0;0;0;1;1;1;0;0;0;0;0;0;3;3;97000;-2400;0;0;94600;1;5;1;1;6;3;180000;.;1541;5;1;1;2;12;2;52;50600;2;2;1;2;10;2;52;22000
15;3;2;0;0;0;0;0;2;0;0;0;0;0;0;0;2;2;94542;0;0;0;94542;2;4;2;.;4;2;.;1278;.;3;1;1;7;4;1;52;45818;.;.;.;.;.;.;.;.
15;4;3;0;0;0;0;0;0;2;1;0;0;0;0;0;3;3;85179;8750;0;0;93929;1;5;1;2;9;4;369000;.;344;5;1;3;7;3;1;52;54331;1;2;3;2;10;1;52;20000
15;5;3;0;0;0;0;1;1;1;0;0;0;0;0;0;3;3;93728;0;0;0;93728;1;4;1;2;9;4;200000;.;366;4;1;1;3;7;1;52;32630;1;2;1;3;10;1;52;32098
15;6;4;0;0;0;0;0;1;1;0;0;0;0;1;1;2;4;76093;17513;10911;2758;107275;1;2;1;1;10;5;385000;.;983;3;2;1;5;4;1;52;35560;1;1;3;7;4;4;.;41426
15;7;3;1;0;0;0;0;1;1;0;0;0;0;0;0;2;2;93533;0;400;0;93933;1;7;1;2;7;3;386000;.;278;3;1;1;7;9;1;52;66161;1;2;1;6;4;1;52;27772
15;8;3;1;0;0;0;0;1;1;0;0;0;0;0;0;2;2;93000;500;4200;0;97700;1;2;1;2;7;3;429000;.;374;3;1;3;6;8;1;52;65200;1;2;1;4;11;1;21;32500
16;1;4;1;0;0;0;0;1;2;0;0;0;0;0;0;3;3;92337;1033;7081;399;100850;1;7;1;1;10;3;299000;.;2218;2;1;1;3;2;1;42;65787;1;2;1;5;11;1;36;27383
16;2;8;0;2;2;1;1;1;1;0;0;0;0;0;0;4;4;93000;0;2029;0;95029;1;5;1;1;8;5;225000;.;2218;3;1;3;7;3;1;50;74029;4;2;3;7;.;13;.;0
16;3;2;0;0;0;0;0;1;1;0;0;0;0;0;0;2;2;93000;0;0;0;93000;1;5;1;1;8;2;453000;.;2218;5;1;1;3;11;1;52;80000;2;2;1;3;.;10;.;13000
16;4;4;0;0;2;0;0;1;1;0;0;0;0;0;0;2;2;92826;0;800;0;93626;1;5;1;1;10;3;180000;.;1072;2;1;1;2;6;1;52;64464;1;2;1;2;6;1;52;29162
16;5;4;1;0;0;0;0;1;2;0;0;0;0;0;0;2;3;82000;10600;9200;0;101800;5;7;1;1;7;5;245000;.;2218;2;2;3;5;.;13;.;2400;1;1;5;5;5;1;50;64400
16;6;2;0;0;0;0;0;0;1;1;0;0;0;0;0;2;2;84089;8223;0;0;92312;2;3;2;.;5;2;.;1040;.;5;1;1;7;8;1;52;69232;2;2;1;4;3;1;52;23080
16;7;5;0;1;2;0;0;1;1;0;0;0;0;0;0;2;2;92188;0;1422;0;93610;1;4;1;1;9;4;165000;.;724;2;1;1;5;12;1;49;81200;1;2;1;3;12;1;36;12410
16;8;2;0;0;0;0;0;1;1;0;0;0;0;0;0;2;2;90500;1600;1000;0;93100;1;5;1;1;8;3;290000;.;2218;4;1;1;7;3;1;52;43300;2;2;1;7;3;1;52;49800
17;1;6;0;2;0;0;1;2;1;0;0;0;0;0;0;4;4;92000;0;1082;0;93082;1;5;1;2;8;5;250000;.;254;3;1;3;3;13;1;52;25082;1;2;3;3;8;1;52;22000
17;2;4;0;0;0;0;1;1;0;0;0;1;1;0;0;3;4;77121;14450;13746;3315;108632;1;2;1;2;7;4;444000;.;361;6;1;1;7;3;1;52;57496;1;2;1;3;.;13;.;17956
17;3;5;0;0;0;0;1;1;2;0;0;0;0;1;0;3;4;88952;2600;9669;0;101221;1;5;1;2;8;5;403000;.;175;2;2;1;2;10;1;50;41787;.;.;.;.;.;.;.;.
17;4;3;0;0;1;0;0;1;1;0;0;0;0;0;0;2;2;91000;0;3304;0;94304;6;5;1;1;7;3;160000;.;811;2;1;1;5;3;1;52;70400;4;2;1;5;3;1;48;23904
17;5;5;0;3;0;0;0;1;1;0;0;0;0;0;0;2;2;90000;900;1200;0;92100;1;6;1;1;10;4;250000;.;2218;2;2;1;6;2;1;52;40450;4;1;1;7;3;1;52;51650
17;6;4;0;0;0;0;0;1;2;1;0;0;0;0;0;4;4;90434;0;10716;0;101150;1;3;1;1;8;3;359000;.;1267;5;1;1;5;7;1;52;28100;2;2;1;7;4;1;41;26128
17;7;4;0;1;1;0;0;1;1;0;0;0;0;0;0;2;2;90000;0;800;0;90800;1;7;1;2;7;3;125000;.;533;4;1;1;7;4;1;52;70800;1;2;1;6;11;1;52;20000
17;8;4;0;0;0;2;0;1;1;0;0;0;0;0;0;4;4;90000;0;0;0;90000;1;5;1;1;5;3;170000;.;869;4;1;3;6;14;1;52;47000;1;2;3;2;11;2;40;41000
18;1;3;0;0;0;0;0;1;1;0;1;0;0;0;0;2;2;90000;0;0;0;90000;1;7;1;1;8;5;405000;.;2218;2;1;3;7;2;1;52;50000;1;2;1;3;10;1;52;40000
18;2;2;0;0;0;0;0;1;1;0;0;0;0;0;0;2;2;79050;9796;0;0;88846;1;3;1;2;9;4;431000;.;233;5;1;2;5;9;1;50;44423;2;2;3;5;7;1;50;44423
18;3;2;0;0;0;0;0;1;1;0;0;0;0;0;0;2;2;83545;5152;0;0;88697;1;2;1;2;8;2;454000;.;124;3;1;1;7;5;1;52;56598;1;2;1;4;10;1;52;32099
18;4;2;0;0;0;0;0;0;0;0;1;0;0;0;1;0;2;0;88445;4148;0;92593;1;7;1;2;10;5;375000;.;537;5;2;3;3;.;13;.;55323;.;.;.;.;.;.;.;.
18;5;3;1;0;0;0;0;1;1;0;0;0;0;0;0;2;2;88000;0;400;0;88400;6;5;1;1;7;3;135000;.;1111;3;1;1;5;6;1;52;44400;1;2;1;5;2;1;52;44000
18;6;4;0;0;0;1;0;1;1;1;0;0;0;0;0;3;3;88000;0;0;0;88000;1;5;1;2;10;5;359000;.;167;5;1;3;1;10;1;52;30000;1;2;3;1;.;13;.;0
18;7;5;0;0;2;0;1;1;1;0;0;0;0;0;0;3;3;72600;15000;1200;0;88800;1;2;1;1;10;5;180000;.;833;4;1;3;5;9;1;40;85200;2;2;3;5;8;1;10;3000
18;8;2;0;0;0;0;0;1;1;0;0;0;0;0;0;2;2;87000;0;0;0;87000;6;7;1;1;7;3;220000;.;793;2;1;3;6;11;1;48;35000;4;2;3;7;4;1;44;52000
19;1;3;0;0;0;0;0;1;1;0;0;0;0;0;1;3;3;66099;20753;8419;1077;96348;4;7;2;.;9;4;.;995;.;2;2;1;4;2;1;52;35000;1;1;1;7;3;1;52;30000
19;2;6;0;1;1;1;1;1;1;0;0;0;0;0;0;4;4;86111;572;800;0;87483;1;5;1;2;9;4;289000;.;299;4;2;1;3;7;1;52;24279;1;1;1;6;9;2;52;43509
19;3;4;0;1;1;0;0;1;1;0;0;0;0;0;0;3;3;86229;338;2048;0;88615;1;5;1;1;10;4;280000;.;819;3;1;1;7;2;1;52;59809;1;2;1;3;10;1;50;25975
19;4;4;1;0;1;0;0;1;1;0;0;0;0;0;0;2;2;71000;15134;6594;0;92728;1;2;1;2;10;4;449000;.;200;3;1;3;5;4;1;45;82228;1;2;1;3;13;11;20;10500
19;5;3;0;0;0;1;0;1;1;0;0;0;0;0;0;3;3;75433;10595;0;0;86028;1;3;1;2;8;3;378000;.;406;4;1;3;5;4;1;52;50618;1;2;3;5;7;1;52;31959
19;6;2;0;0;0;0;0;1;1;0;0;0;0;0;0;2;2;80000;6000;0;0;86000;2;4;2;.;3;1;.;1006;.;3;1;3;7;3;1;52;65000;2;2;1;7;3;1;48;21000
19;7;3;0;1;0;0;0;1;1;0;0;0;0;0;0;2;3;85803;54;400;0;86257;1;7;1;1;9;3;235000;.;1219;3;1;1;7;2;1;52;85053;1;2;1;2;7;1;0;54
19;8;2;0;0;0;0;0;1;1;0;0;0;0;0;0;2;2;84500;1000;0;0;85500;1;5;1;1;7;3;230000;.;1104;4;1;3;5;12;1;52;55000;1;2;3;5;10;1;52;30500
20;1;3;0;0;0;0;0;2;1;0;0;0;0;0;0;3;3;80500;4920;1653;0;87073;1;5;1;2;7;4;416000;.;308;4;1;3;6;10;1;52;39250;1;2;3;6;14;1;52;35000
20;2;2;0;0;0;0;0;0;1;1;0;0;0;0;0;1;2;62770;22550;0;0;85320;1;7;1;2;10;4;265000;.;414;5;1;3;5;7;1;52;73370;1;2;3;2;.;13;.;11950
20;3;8;1;2;1;0;0;2;2;0;0;0;0;0;0;3;3;85148;0;20400;0;105548;1;8;1;1;10;5;200000;.;1600;3;1;3;5;9;1;42;60600;2;2;3;3;13;1;25;22800
20;4;3;0;0;0;1;0;1;1;0;0;0;0;0;0;2;2;45899;39212;12392;0;97503;1;5;1;2;9;4;250000;.;355;4;1;1;7;5;1;52;89491;1;2;1;3;.;13;.;0
20;5;4;0;1;1;0;0;1;1;0;0;0;0;0;0;2;2;85000;0;800;0;85800;1;4;1;1;10;3;180000;.;2218;3;1;1;3;12;1;52;45800;2;2;1;3;9;1;52;40000
20;6;6;0;0;1;3;1;0;0;0;0;0;0;0;0;5;5;84371;65;755;500;85691;1;3;2;.;9;4;.;1115;.;1;2;1;5;3;2;52;31542;1;1;1;5;8;1;52;18427
20;7;4;1;0;1;0;0;1;1;0;0;0;0;0;0;2;2;84320;0;800;0;85120;1;2;1;1;5;2;200000;.;1435;3;1;1;7;3;1;48;84800;1;2;1;7;3;1;8;320
20;8;2;0;0;0;0;0;1;1;0;0;0;0;0;0;2;2;84000;0;0;0;84000;5;1;1;1;9;3;250000;.;2218;3;1;1;7;4;1;52;63000;1;2;1;7;2;1;52;21000
21;1;1;0;0;0;0;0;0;0;0;0;0;1;0;0;0;1;0;83850;19848;16302;120000;2;7;1;2;4;2;457000;.;646;6;2;1;3;.;13;.;120000;.;.;.;.;.;.;.;.
21;2;3;0;0;0;2;0;0;1;0;0;0;0;0;0;3;3;77569;5954;4370;0;87893;1;4;1;1;8;4;170000;.;1160;3;2;1;7;2;1;52;56000;.;.;.;.;.;.;.;.
21;3;2;0;0;0;0;0;1;1;0;0;0;0;0;0;2;2;79000;4514;0;0;83514;1;5;1;2;8;3;200000;.;245;3;1;1;3;2;1;48;46169;1;2;1;3;7;1;50;37345
21;4;4;0;0;2;0;0;1;1;0;0;0;0;0;0;2;2;73368;9966;800;0;84134;1;7;1;2;10;5;438000;.;450;3;1;1;5;3;1;52;54855;1;2;1;6;13;1;50;29279
21;5;2;0;0;0;0;0;1;1;0;0;0;0;0;0;2;2;82417;784;0;0;83201;1;5;1;2;7;3;225000;.;303;4;1;1;7;3;1;52;50546;1;2;1;3;10;1;52;32655
21;6;2;0;0;0;0;0;1;1;0;0;0;0;0;0;2;2;82002;1078;0;0;83080;1;7;1;1;6;2;437000;.;967;3;2;1;7;3;2;52;50814;1;1;1;7;3;1;52;32266
21;7;2;0;0;0;0;0;1;1;0;0;0;0;0;0;2;2;83000;0;0;0;83000;1;5;1;2;10;4;368000;.;387;4;1;1;7;2;1;52;55000;2;2;1;3;7;1;52;28000
21;8;6;0;3;0;0;0;2;1;0;0;0;0;0;0;3;3;83000;0;1200;970;85170;1;3;2;.;6;3;.;1042;.;3;2;3;5;14;1;33;22000;1;1;3;5;12;2;49;55200
22;1;5;2;0;0;0;0;1;1;0;0;0;0;0;1;2;3;80000;3000;10489;0;93489;1;5;1;2;10;4;260000;.;200;3;1;3;5;2;1;52;41400;1;2;3;7;2;1;52;41000
22;2;2;0;0;0;0;0;1;1;0;0;0;0;0;0;2;2;82400;320;0;0;82720;1;7;1;1;10;3;200000;.;1411;2;2;1;7;3;1;52;38200;1;1;1;7;2;1;52;44520
22;3;4;0;0;0;1;1;1;1;0;0;0;0;0;0;4;4;80567;1730;233;0;82530;1;5;1;1;10;4;210000;.;788;4;1;1;5;12;1;52;40362;2;2;1;3;10;1;52;30868
22;4;2;0;0;0;0;0;0;0;0;0;0;0;1;1;0;2;0;82116;15747;4751;102614;1;2;1;2;4;2;153000;.;235;8;1;1;1;.;13;.;24228;1;2;1;3;.;13;.;78386
22;5;4;0;2;0;0;0;1;1;0;0;0;0;0;0;2;2;82000;0;800;0;82800;1;6;1;1;10;4;285000;.;1312;3;1;1;5;3;1;52;75800;1;2;1;5;11;1;43;7000
22;6;5;1;2;0;0;0;1;1;0;0;0;0;0;0;2;2;81035;751;1200;0;82986;1;5;1;1;10;5;250000;.;1348;3;1;1;7;2;1;52;79922;1;2;3;7;10;1;25;3064
22;7;4;2;0;0;0;0;1;1;0;0;0;0;0;0;2;2;78956;2324;800;0;82080;1;5;1;1;9;3;175000;.;930;3;1;1;3;9;1;47;39384;1;2;2;3;10;1;47;42696
22;8;5;0;1;2;0;0;1;1;0;0;0;0;0;0;2;2;81051;0;1423;0;82474;1;4;1;1;9;4;365000;.;855;3;1;1;7;3;1;52;57700;1;2;1;7;7;1;25;24774
23;1;2;0;0;0;0;0;1;1;0;0;0;0;0;0;2;2;80000;1000;3000;0;84000;1;3;1;1;7;3;130000;.;1188;2;1;1;5;9;1;50;55500;1;2;1;5;11;1;50;28500
23;2;4;0;1;1;0;0;1;1;0;0;0;0;0;0;2;2;80977;0;800;0;81777;1;5;1;2;10;4;250000;.;296;3;1;1;5;6;1;52;54777;1;2;1;5;8;5;20;27000
23;3;4;2;0;0;0;0;1;1;0;0;0;0;0;0;2;2;80079;60;400;0;80539;1;5;1;1;9;3;190000;.;1394;2;2;1;4;5;2;52;30139;1;1;1;4;2;1;52;50400
23;4;4;0;1;1;0;0;1;1;0;0;0;0;0;0;2;2;68607;11502;800;5850;86759;1;5;1;1;10;4;200000;.;2218;4;1;1;7;3;1;52;46800;2;2;3;7;3;1;52;39959
23;5;5;1;2;0;0;0;1;1;0;0;0;0;0;0;1;1;80000;0;1200;0;81200;1;6;1;1;10;4;260000;.;2218;3;1;1;3;2;1;52;81200;1;2;1;5;3;1;0;0
23;6;4;0;2;0;0;0;1;1;0;0;0;0;0;0;2;2;80000;0;800;0;80800;1;5;1;2;9;5;270000;.;258;3;1;3;5;3;1;48;60800;1;2;3;3;10;1;48;20000
23;7;1;0;0;0;0;0;0;1;0;0;0;0;0;0;1;1;80000;0;0;0;80000;2;5;1;2;4;1;169000;.;262;3;2;1;7;3;1;52;80000;.;.;.;.;.;.;.;.
23;8;1;0;0;0;0;0;0;1;0;0;0;0;0;0;1;1;80000;0;0;0;80000;2;4;2;.;6;2;.;940;.;4;2;1;5;2;1;52;80000;.;.;.;.;.;.;.;.
24;1;2;0;0;0;0;0;1;1;0;0;0;0;0;0;2;2;80000;0;0;0;80000;1;2;1;1;10;4;370000;.;2218;2;1;1;7;2;1;52;40000;1;2;1;7;3;1;52;40000
24;2;3;1;0;0;0;0;1;1;0;0;0;0;0;0;2;2;80000;0;400;0;80400;1;5;1;1;10;4;175000;.;900;2;1;1;3;2;1;52;60400;1;2;1;3;10;1;52;20000
24;3;2;0;0;0;0;0;0;1;1;0;0;0;0;0;2;2;80000;0;0;0;80000;1;4;1;2;2;0;280000;.;312;5;1;3;3;2;1;48;50000;1;2;1;5;3;1;30;30000
24;4;4;0;0;0;0;0;2;0;0;0;1;1;0;0;3;4;74400;5000;12000;22000;113400;1;1;1;2;6;3;250000;.;381;6;1;3;5;.;13;.;12000;1;2;3;5;10;1;52;36400
24;5;3;0;0;0;0;1;1;1;0;0;0;0;0;0;3;3;69000;10350;0;0;79350;1;4;1;2;7;3;400000;.;285;5;1;1;5;12;1;52;45000;2;2;1;7;11;1;48;15000
24;6;5;0;2;0;1;0;1;1;0;0;0;0;0;0;4;4;79250;0;800;0;80050;1;5;1;1;8;4;200000;.;1075;4;1;3;3;2;1;52;45800;1;2;3;3;11;1;52;15000
24;7;1;0;0;0;0;0;0;0;0;0;0;0;0;1;1;1;73195;6033;7496;7651;94375;1;2;1;2;8;3;416000;.;323;7;2;1;7;.;13;.;94375;.;.;.;.;.;.;.;.
24;8;4;0;1;1;0;0;1;1;0;0;0;0;0;0;2;2;77000;2054;800;0;79854;1;7;1;2;9;3;180000;.;333;3;1;1;5;9;1;52;58254;1;2;1;6;7;1;52;21600
25;1;2;0;0;0;0;0;1;1;0;0;0;0;0;0;1;1;72000;7000;0;0;79000;1;7;1;2;7;3;250000;.;308;4;1;3;7;8;1;46;79000;3;2;1;4;.;13;.;0
25;2;2;0;0;0;0;0;1;1;0;0;0;0;0;0;2;2;79000;0;2268;0;81268;1;7;1;1;10;3;180000;.;1583;2;2;1;7;3;1;30;10812;1;1;1;4;8;1;45;70456
25;3;3;0;0;1;0;0;1;1;0;0;0;0;0;0;2;2;79000;0;400;0;79400;1;7;1;1;8;4;212000;.;1200;2;2;1;7;3;1;52;45400;4;1;2;7;2;1;52;34000
25;4;4;0;1;1;0;0;1;1;0;0;0;0;0;0;2;2;79000;0;1800;0;80800;1;5;1;1;10;5;436000;.;2218;3;1;1;5;4;1;49;48800;1;2;1;7;10;1;52;32000
25;5;5;0;2;1;0;0;1;1;0;0;0;0;0;0;3;3;78600;0;1200;0;79800;1;4;1;1;10;4;140000;.;1408;3;1;1;5;9;1;52;45200;1;2;1;5;3;1;52;32000
25;6;5;0;1;0;2;0;1;1;0;0;0;0;0;0;5;5;76700;1750;1082;0;79532;1;4;1;1;10;4;200000;.;829;3;1;1;3;12;1;52;41482;1;2;1;2;2;1;40;5600
25;7;3;0;0;0;0;0;1;1;0;0;0;0;0;1;2;3;56117;22000;8000;0;86117;1;2;1;2;5;2;100000;.;233;7;2;1;3;.;13;.;30000;.;.;.;.;.;.;.;.
25;8;4;2;0;0;0;0;1;1;0;0;0;0;0;0;2;2;78000;0;400;0;78400;1;7;1;1;10;3;230000;.;1512;2;1;1;7;3;1;52;41400;1;2;1;7;3;2;52;37000
26;1;4;0;0;1;1;0;1;1;0;0;0;0;0;0;1;1;76708;567;800;0;78075;1;5;1;2;8;4;250000;.;249;3;1;3;1;9;1;40;78075;1;2;3;1;.;13;.;0
26;2;4;0;0;1;1;0;1;1;0;0;0;0;0;0;3;3;77000;200;400;0;77600;1;5;1;2;7;3;150000;.;260;3;1;1;3;2;1;52;37600;1;2;1;3;13;1;52;35000
26;3;4;0;2;0;0;0;1;1;0;0;0;0;0;0;2;2;74600;2585;800;0;77985;1;2;1;2;6;3;386000;.;500;4;1;1;2;3;1;52;7407;1;2;1;6;5;1;52;70578
26;4;3;0;0;0;2;0;0;1;0;0;0;0;0;0;3;3;76600;150;900;0;77650;1;5;1;1;6;3;230000;.;2218;4;2;1;7;3;1;52;59000;.;.;.;.;.;.;.;.
26;5;4;0;2;0;0;0;1;1;0;0;0;0;0;0;1;2;75960;599;800;0;77359;1;4;1;1;10;3;220000;.;1252;3;1;1;5;2;1;52;76760;1;2;1;7;.;13;.;599
26;6;4;0;0;2;0;0;1;1;0;0;0;0;0;0;2;2;76427;71;2624;0;79122;4;3;2;.;8;4;.;849;.;3;1;1;2;9;2;49;53308;1;2;1;4;7;1;52;25814
26;7;2;0;0;0;0;0;1;1;0;0;0;0;0;0;2;2;67225;9195;676;0;77096;1;4;1;2;9;3;200000;.;223;4;1;2;3;9;1;52;46822;1;2;1;3;7;1;40;30274
26;8;3;0;0;0;1;0;0;0;1;1;0;0;0;0;3;3;66990;9238;0;0;76228;2;6;2;.;4;2;.;910;.;5;2;1;5;7;1;34;22866;1;1;1;5;4;1;52;36456
27;1;4;2;0;0;0;0;1;1;0;0;0;0;0;0;2;2;72000;4200;800;0;77000;1;5;1;2;7;3;160000;.;292;3;2;3;5;2;1;50;27200;2;1;3;3;12;1;50;49800
27;2;3;0;0;0;0;0;2;1;0;0;0;0;0;0;2;2;77010;-861;0;0;76149;1;4;1;2;8;4;250000;.;270;4;1;1;3;7;1;52;52461;1;2;1;2;.;13;.;0
27;3;2;0;0;0;0;1;0;1;0;0;0;0;0;0;2;2;76000;0;0;0;76000;1;7;1;1;7;3;225000;.;1589;4;2;1;4;8;1;52;69000;.;.;.;.;.;.;.;.
27;4;3;0;1;0;0;0;0;1;0;0;0;1;0;0;2;3;76000;0;10069;0;86069;1;2;1;1;7;3;275000;.;2218;3;2;1;6;3;1;52;70400;.;.;.;.;.;.;.;.
27;5;3;0;0;0;0;1;1;1;0;0;0;0;0;0;3;3;72974;3000;3000;0;78974;1;5;1;2;9;4;230000;.;326;5;1;1;5;11;1;52;26000;2;2;1;5;7;1;52;33000
27;6;8;0;3;1;0;0;3;1;0;0;0;0;0;0;4;4;74720;1100;9531;0;85351;5;7;1;1;10;5;451000;.;2218;3;1;3;3;6;1;52;33712;.;.;.;.;.;.;.;.
27;7;3;0;1;0;0;0;1;1;0;0;0;0;0;0;2;2;75790;0;20200;0;95990;1;1;1;1;6;3;175000;.;1042;3;2;1;6;3;1;20;35590;1;1;1;5;9;1;52;60400
27;8;2;0;0;0;0;0;1;1;0;0;0;0;0;0;2;2;73718;2015;0;0;75733;5;2;2;.;5;2;.;650;.;3;1;1;7;3;1;52;42052;1;2;1;7;3;1;52;33681
28;1;4;0;1;1;0;0;1;1;0;0;0;0;0;0;4;4;75600;0;800;0;76400;1;5;2;.;7;3;.;818;.;3;1;1;5;9;1;47;70800;1;2;1;2;10;1;20;400
28;2;3;1;0;0;0;0;1;1;0;0;0;0;0;0;2;2;75354;99;400;0;75853;6;6;2;.;5;3;.;904;.;2;2;1;7;7;2;52;24002;1;1;1;6;11;1;3;51851
28;3;3;0;1;0;0;0;1;1;0;0;0;0;0;0;1;2;65000;10000;0;0;75000;1;2;1;2;8;4;250000;.;350;4;1;1;2;2;1;52;70000;1;2;1;2;10;11;0;5000
28;4;5;1;1;0;0;0;2;1;0;0;0;0;0;0;3;3;75000;0;1983;0;76983;1;7;1;2;8;4;250000;.;229;5;1;3;2;14;1;52;40000;.;.;.;.;.;.;.;.
28;5;5;0;0;1;0;0;2;2;0;0;0;0;0;0;4;4;75000;0;15305;0;90305;1;4;2;.;9;4;.;1913;.;2;2;1;2;10;1;40;26260;.;.;.;.;.;.;.;.
28;6;3;0;0;0;0;0;1;1;0;0;0;0;1;0;2;3;65402;9415;11765;440;87022;1;4;1;1;10;4;250000;.;1460;3;1;1;5;8;1;52;52765;1;2;1;5;7;1;25;17113
28;7;5;0;1;1;0;1;1;1;0;0;0;0;0;0;3;4;74521;207;800;0;75528;1;4;1;2;9;4;145000;.;266;4;1;1;2;2;2;52;61871;2;2;1;3;.;13;.;11
28;8;3;0;0;0;0;1;1;1;0;0;0;0;0;0;1;3;72000;2700;0;0;74700;1;5;1;2;10;4;295000;.;266;4;1;1;5;9;1;52;73100;2;2;1;4;.;13;.;1100
29;1;3;0;0;1;0;0;1;1;0;0;0;0;0;0;3;3;75262;-716;400;0;74946;1;4;1;2;9;4;230000;.;268;4;1;1;7;3;1;52;50946;1;2;1;7;3;1;52;22500
29;2;4;0;1;0;1;0;1;1;0;0;0;0;0;0;4;4;74461;0;500;0;74961;1;6;1;1;10;4;260000;.;586;4;2;1;5;7;1;52;30700;1;1;1;1;12;1;52;39722
29;3;2;0;0;0;0;0;1;0;0;0;0;1;0;0;1;2;30000;44330;7536;17149;99015;1;5;1;2;10;4;376000;.;717;3;1;1;5;2;1;48;30000;.;.;.;.;.;.;.;.
29;4;6;1;0;2;0;0;1;2;0;0;0;0;0;0;3;3;73290;1000;12300;0;86590;1;7;1;1;10;5;437000;.;2218;2;1;1;5;9;1;52;41200;1;2;1;4;7;1;52;28290
29;5;6;0;1;0;0;2;1;1;0;0;0;1;0;0;5;5;74100;0;10469;0;84569;1;6;1;1;7;5;290000;.;1396;4;1;3;4;12;1;52;35800;2;2;3;5;1;1;52;31000
29;6;3;0;0;0;1;0;1;1;0;0;0;0;0;0;3;3;74000;0;3300;0;77300;1;4;1;1;7;3;200000;.;2218;4;1;1;6;10;1;52;24000;1;2;1;4;5;1;52;40000
29;7;4;2;0;0;0;0;1;1;0;0;0;0;0;0;2;2;69000;5000;800;0;74800;1;2;1;1;10;3;250000;.;1400;2;1;1;5;2;1;45;40800;4;2;1;7;3;1;12;34000
29;8;2;0;0;0;0;0;1;1;0;0;0;0;0;0;2;2;74000;0;0;0;74000;1;4;1;1;6;4;140000;.;1038;3;1;1;6;8;1;20;50000;.;.;.;.;.;.;.;.
30;1;2;0;0;0;0;0;1;1;0;0;0;0;0;0;2;2;73086;501;0;0;73587;1;4;1;1;10;3;185000;.;1100;2;1;1;7;2;1;52;47043;1;2;1;3;7;1;52;26544
30;2;4;2;0;0;0;0;1;1;0;0;0;0;0;0;2;2;73576;0;4333;0;77909;1;4;1;1;6;3;250000;.;2218;3;1;1;7;3;1;50;46009;1;2;3;7;3;1;39;31900
30;3;3;0;0;0;1;0;1;1;0;0;0;0;0;0;3;3;73410;0;0;1800;75210;1;5;1;1;7;3;160000;.;1550;2;1;1;5;12;1;52;28000;.;.;.;.;.;.;.;.
30;4;2;0;0;0;0;0;1;1;0;0;0;0;0;0;2;2;70972;1591;6630;0;79193;1;3;2;.;4;1;.;705;.;2;2;1;5;3;1;52;42254;4;1;2;4;9;2;40;36939
30;5;4;0;0;0;2;0;1;1;0;0;0;0;0;0;4;4;72400;0;0;0;72400;1;6;1;1;7;4;260000;.;1300;4;1;3;2;2;1;52;52000;1;2;3;2;2;1;52;16000
30;6;4;0;0;2;0;0;1;1;0;0;0;0;0;0;3;3;68500;3700;800;0;73000;1;5;1;2;6;3;185000;.;291;3;1;3;2;2;1;52;27200;1;2;1;7;4;1;52;44300
30;7;3;0;0;0;1;0;1;1;0;0;0;0;0;0;3;3;72110;0;0;0;72110;2;7;1;1;7;2;200000;.;737;4;1;1;2;8;1;48;56946;1;2;1;2;10;3;44;11839
30;8;4;0;0;0;1;1;0;2;0;0;0;0;0;0;4;4;57100;15000;12718;0;84818;1;4;1;1;6;3;80000;.;786;5;2;1;2;9;1;8;28554;.;.;.;.;.;.;.;.
31;1;2;0;0;0;0;0;1;1;0;0;0;0;0;0;2;2;71668;425;0;0;72093;5;2;1;1;5;2;132000;.;1008;3;2;1;7;3;1;52;30286;1;1;1;5;2;1;52;41807
31;2;3;1;0;0;0;0;1;1;0;0;0;0;0;0;2;2;72000;0;200;0;72200;4;7;1;1;8;3;120000;.;1184;2;2;1;3;10;1;52;30000;1;1;1;3;9;1;52;42200
31;3;4;0;1;1;0;0;1;1;0;0;0;0;0;0;2;2;72000;0;800;0;72800;1;6;1;1;10;3;230000;.;592;3;1;1;7;3;1;52;60800;1;2;1;5;9;1;52;12000
31;4;4;0;0;2;0;0;1;1;0;0;0;0;0;0;2;2;72000;0;800;0;72800;1;5;1;1;9;4;215000;.;815;4;1;1;3;9;1;52;36800;2;2;3;3;7;1;52;36000
31;5;3;0;0;0;1;0;1;1;0;0;0;0;0;0;3;3;71456;0;400;0;71856;1;5;1;1;8;4;200000;.;491;4;1;1;7;2;1;52;49408;1;2;1;3;7;1;52;10718
31;6;4;0;2;0;0;0;1;1;0;0;0;0;0;0;3;3;57327;14047;800;0;72174;1;5;1;2;8;3;432000;.;307;3;1;3;5;6;1;52;32837;1;2;3;4;10;1;52;34337
31;7;3;0;0;0;1;0;1;1;0;0;0;0;0;0;3;3;71238;0;0;0;71238;1;4;2;.;5;3;.;685;.;4;1;1;1;13;1;52;31523;1;2;1;5;13;1;52;25492
31;8;2;0;0;0;0;0;1;1;0;0;0;0;0;0;2;2;71000;50;0;0;71050;1;4;2;.;5;2;.;812;.;2;2;1;7;7;9;52;33000;1;1;1;5;12;1;52;38050
32;1;3;0;0;1;0;0;1;1;0;0;0;0;0;0;2;2;71000;0;400;0;71400;6;7;2;.;7;3;.;1060;.;3;1;1;6;8;1;52;40400;2;2;1;2;2;1;52;31000
32;2;4;0;0;0;3;0;0;0;0;0;0;0;0;0;4;4;71000;0;0;0;71000;6;7;2;.;7;4;.;1327;.;1;1;1;3;2;1;52;24000;.;.;.;.;.;.;.;.
32;3;2;0;0;0;0;0;0;0;0;0;0;0;1;1;0;2;0;70920;13796;37046;121762;1;2;1;2;7;2;365000;.;262;8;1;1;7;.;13;.;53088;2;2;1;7;.;13;.;68674
32;4;4;0;1;1;0;0;1;1;0;0;0;0;0;0;2;2;70847;0;800;0;71647;1;7;2;.;6;3;.;945;.;3;1;1;7;3;1;52;31847;2;2;1;7;3;1;52;39800
32;5;4;0;0;0;2;0;1;1;0;0;0;0;0;0;4;4;70768;0;29;600;71397;1;5;1;1;6;3;100000;.;653;4;1;1;5;3;1;52;36600;1;2;1;5;11;2;52;25375
32;6;4;0;2;0;0;0;1;1;0;0;0;0;0;0;4;4;69705;1049;1704;0;72458;1;5;1;1;7;3;250000;.;1077;4;1;1;7;7;1;50;37740;1;2;1;7;7;1;44;25986
32;7;2;0;0;0;0;0;1;1;0;0;0;0;0;0;2;2;68000;2750;0;0;70750;1;7;1;1;6;3;260000;.;1141;2;2;1;7;3;1;52;28350;1;1;1;7;3;1;52;42400
32;8;6;0;1;0;1;2;0;1;1;0;0;0;0;0;4;4;68626;1483;400;0;70509;1;4;1;1;7;4;362000;.;2218;5;1;1;5;3;1;52;56595;2;2;3;5;.;13;.;0
33;1;2;0;0;0;0;0;1;1;0;0;0;0;0;0;2;2;70000;0;0;0;70000;6;7;1;1;10;3;140000;.;1621;3;1;1;5;13;1;52;33000;2;2;1;7;5;1;52;37000
33;2;4;0;2;0;0;0;1;1;0;0;0;0;0;0;2;2;70000;0;800;0;70800;1;7;1;1;10;4;170000;.;1242;3;1;1;2;9;1;47;35800;1;2;1;2;5;2;50;35000
33;3;4;0;1;0;1;0;1;1;0;0;0;0;0;0;3;3;70000;0;400;0;70400;1;6;1;1;6;4;378000;.;2218;4;1;1;3;3;1;26;20000;2;2;1;3;11;1;49;40400
33;4;2;0;0;0;0;0;0;0;0;0;1;1;0;0;0;2;0;70000;17400;0;87400;6;7;1;2;5;2;250000;.;353;6;1;3;2;.;13;.;50200;1;2;3;2;.;13;.;37200
33;5;1;0;0;0;0;0;0;0;0;0;0;1;0;0;0;1;0;70000;4915;0;74915;6;5;1;2;6;2;275000;.;516;6;2;1;5;.;13;.;74915;.;.;.;.;.;.;.;.
33;6;5;0;0;0;0;1;1;1;0;0;0;0;1;1;2;2;70000;0;0;0;70000;1;4;1;2;10;4;280000;.;317;4;1;3;7;11;1;52;34000;1;2;1;7;3;1;.;36000
33;7;5;0;1;1;0;0;1;1;1;0;0;0;0;0;2;2;70000;0;800;0;70800;1;2;1;1;3;1;240000;.;1009;3;1;3;6;2;1;52;35800;2;2;3;1;13;5;10;35000
33;8;4;0;0;0;0;2;1;1;0;0;0;0;0;0;4;4;68447;1392;5290;0;75129;6;5;1;1;6;3;140000;.;1013;4;1;1;7;11;2;47;42000;1;2;1;5;3;2;50;10000
34;1;2;0;0;0;0;0;0;2;0;0;0;0;0;0;2;2;69330;401;0;0;69731;2;6;2;.;5;2;.;925;.;2;2;1;5;4;1;52;41014;.;.;.;.;.;.;.;.
34;2;2;0;0;0;0;0;1;1;0;0;0;0;0;0;2;2;61176;8529;600;2977;73282;1;5;1;1;6;3;210000;.;1204;3;1;1;5;12;1;52;46796;2;2;1;7;3;1;52;26486
34;3;5;0;1;2;0;0;1;1;0;0;0;0;0;0;3;3;66592;2928;4272;0;73792;1;5;1;2;7;4;250000;.;289;3;1;3;7;3;1;52;54357;1;2;3;7;3;1;40;17101
34;4;2;0;0;0;0;0;0;2;0;0;0;0;0;0;2;2;68054;1416;0;0;69470;1;2;2;.;5;2;.;778;.;2;2;1;7;4;1;52;40735;.;.;.;.;.;.;.;.
34;5;3;0;0;0;1;0;0;1;0;0;1;0;0;0;2;2;68974;450;2785;11359;83568;1;6;1;1;6;3;150000;.;560;6;1;1;1;10;12;36;49578;2;2;1;2;.;13;.;0
34;6;4;0;1;0;0;1;1;1;0;0;0;0;0;0;4;4;69200;0;633;0;69833;4;5;2;.;6;3;.;933;.;4;1;3;5;4;1;52;38633;1;2;3;5;11;1;52;27000
34;7;4;0;1;1;0;0;1;1;0;0;0;0;0;0;2;2;69000;0;5300;0;74300;6;5;1;1;8;2;120000;.;915;3;1;1;3;10;1;52;58800;1;2;1;3;10;1;16;15500
34;8;3;0;0;0;1;0;1;0;0;1;0;0;0;0;2;3;62000;7000;900;0;69900;1;2;1;1;4;2;200000;.;533;5;1;3;2;5;1;52;52000;1;2;3;2;.;13;.;900
35;1;3;0;0;0;0;1;1;1;0;0;0;0;0;0;2;2;68123;582;400;0;69105;1;3;1;1;10;3;401000;.;570;4;1;3;3;2;1;52;65285;1;2;1;3;.;13;.;0
35;2;4;0;0;0;0;1;1;1;0;0;0;0;0;1;3;4;68360;0;10719;0;79079;1;4;1;1;9;4;170000;.;1157;4;1;3;5;2;4;40;49012;1;2;3;5;13;1;52;16828
35;3;2;0;0;0;1;0;1;0;0;0;0;0;0;0;2;2;68325;0;8454;0;76779;1;2;2;.;6;2;.;883;.;1;1;1;5;4;1;52;30000;.;.;.;.;.;.;.;.
35;4;3;1;0;0;0;0;1;1;0;0;0;0;0;0;2;2;68000;150;400;0;68550;1;5;1;1;10;5;200000;.;1173;2;1;1;6;10;1;52;38500;1;2;1;6;5;1;52;30050
35;5;4;0;0;0;1;1;0;1;0;0;1;0;0;0;3;4;54631;13426;3121;0;71178;1;1;1;1;7;4;250000;.;854;6;1;3;7;.;13;.;9242;3;2;3;7;10;1;52;40515
35;6;2;0;0;0;0;0;1;1;0;0;0;0;0;0;2;2;67129;904;0;0;68033;1;3;1;1;5;3;150000;.;336;2;1;1;6;9;1;52;41755;4;2;1;5;11;1;52;26278
35;7;4;0;2;0;0;0;1;1;0;0;0;0;0;0;2;2;68000;0;800;3600;72400;1;5;1;1;6;3;120000;.;1242;3;1;1;7;8;1;52;43800;1;2;1;3;4;1;52;28600
35;8;2;0;0;0;0;0;1;1;0;0;0;0;0;0;2;2;67681;0;0;0;67681;5;4;1;2;8;4;395000;.;372;2;2;1;7;7;1;52;29681;4;1;1;5;11;1;52;38000
36;1;4;0;0;2;0;0;1;1;0;0;0;0;0;0;4;4;67400;200;800;0;68400;1;5;1;2;6;3;200000;.;338;3;1;1;5;2;1;49;43000;1;2;1;5;11;1;49;22000
36;2;6;0;1;0;1;1;2;1;0;0;0;0;0;0;5;5;67208;250;4112;0;71570;5;4;1;1;9;5;150000;.;699;5;1;3;1;13;1;52;16546;2;2;3;2;10;1;40;28150
36;3;3;0;0;0;0;0;1;2;0;0;0;0;0;0;2;3;65000;2400;7000;0;74400;1;5;1;2;10;4;250000;.;200;4;2;3;1;2;1;52;40200;1;1;3;1;.;13;.;5200
36;4;7;0;0;1;2;2;1;1;0;0;0;0;0;0;5;5;63000;4360;2903;8580;78843;1;6;1;1;10;5;200000;.;2218;4;1;3;3;12;1;40;37808;1;2;3;1;.;13;.;3885
36;5;4;1;1;0;0;0;1;1;0;0;0;0;0;0;2;2;67000;0;400;0;67400;1;3;1;1;6;3;200000;.;895;2;1;1;5;9;1;52;35400;1;2;1;7;3;3;52;32000
36;6;5;0;0;0;0;1;2;2;0;0;0;0;0;0;2;2;67000;0;0;0;67000;1;7;1;2;9;5;458000;.;583;5;1;3;4;4;1;48;40000;2;2;3;4;.;13;.;0
36;7;5;2;0;0;0;0;2;1;0;0;0;0;0;0;3;3;66623;0;10518;0;77141;1;3;2;.;9;4;.;900;.;2;1;1;3;12;1;50;25470;1;2;3;2;10;9;52;21671
36;8;2;0;0;0;0;0;0;2;0;0;0;0;0;0;2;2;66500;0;1200;0;67700;2;8;2;.;4;2;.;987;.;2;2;1;5;4;1;50;31700;.;.;.;.;.;.;.;.
